ano,mes_numero,mes_nome,uf,regiao,total_acidentes,total_graves_fatais,total_mortos,total_feridos_graves,total_vitimas,taxa_gravidade
2022,1,Janeiro,AC,Norte,19,6,0,8,30,0.315789
2022,1,Janeiro,AL,Nordeste,46,21,5,27,76,0.456522
2022,1,Janeiro,AM,Norte,6,0,0,0,7,0.0
2022,1,Janeiro,AP,Norte,14,1,0,3,25,0.071429
2022,1,Janeiro,BA,Nordeste,272,104,46,91,371,0.382353
2022,1,Janeiro,CE,Nordeste,114,47,17,41,162,0.412281
2022,1,Janeiro,DF,Centro-Oeste,51,10,5,9,60,0.196078
2022,1,Janeiro,ES,Sudeste,187,71,9,82,248,0.379679
2022,1,Janeiro,GO,Centro-Oeste,263,67,38,64,372,0.254753
2022,1,Janeiro,MA,Nordeste,80,34,11,40,125,0.425
2022,1,Janeiro,MG,Sudeste,710,201,55,235,1034,0.283099
2022,1,Janeiro,MS,Centro-Oeste,145,41,19,33,158,0.282759
2022,1,Janeiro,MT,Centro-Oeste,166,52,21,38,207,0.313253
2022,1,Janeiro,PA,Norte,54,21,14,19,65,0.388889
2022,1,Janeiro,PB,Nordeste,128,46,15,38,158,0.359375
2022,1,Janeiro,PE,Nordeste,210,92,32,91,262,0.438095
2022,1,Janeiro,PI,Nordeste,86,37,12,37,127,0.430233
2022,1,Janeiro,PR,Sul,553,164,57,155,659,0.296564
2022,1,Janeiro,RJ,Sudeste,320,74,16,78,374,0.23125
2022,1,Janeiro,RN,Nordeste,83,23,9,18,105,0.277108
2022,1,Janeiro,RO,Norte,104,21,2,22,93,0.201923
2022,1,Janeiro,RR,Norte,23,8,3,8,27,0.347826
2022,1,Janeiro,RS,Sul,366,80,24,75,440,0.218579
2022,1,Janeiro,SC,Sul,636,152,22,173,811,0.238994
2022,1,Janeiro,SE,Nordeste,44,17,5,18,62,0.386364
2022,1,Janeiro,SP,Sudeste,330,59,14,51,389,0.178788
2022,1,Janeiro,TO,Norte,39,7,2,7,39,0.179487
2022,2,Fevereiro,AC,Norte,27,5,0,8,31,0.185185
2022,2,Fevereiro,AL,Nordeste,40,19,4,21,59,0.475
2022,2,Fevereiro,AM,Norte,4,2,0,2,7,0.5
2022,2,Fevereiro,AP,Norte,13,5,3,5,22,0.384615
2022,2,Fevereiro,BA,Nordeste,249,80,35,62,300,0.321285
2022,2,Fevereiro,CE,Nordeste,128,42,8,40,167,0.328125
2022,2,Fevereiro,DF,Centro-Oeste,57,6,2,4,60,0.105263
2022,2,Fevereiro,ES,Sudeste,178,54,10,58,224,0.303371
2022,2,Fevereiro,GO,Centro-Oeste,234,64,23,61,283,0.273504
2022,2,Fevereiro,MA,Nordeste,68,24,15,15,68,0.352941
2022,2,Fevereiro,MG,Sudeste,588,176,58,167,731,0.29932
2022,2,Fevereiro,MS,Centro-Oeste,106,33,10,41,131,0.311321
2022,2,Fevereiro,MT,Centro-Oeste,170,56,20,56,217,0.329412
2022,2,Fevereiro,PA,Norte,74,32,9,34,92,0.432432
2022,2,Fevereiro,PB,Nordeste,108,32,6,33,133,0.296296
2022,2,Fevereiro,PE,Nordeste,187,68,26,53,219,0.363636
2022,2,Fevereiro,PI,Nordeste,77,34,10,31,96,0.441558
2022,2,Fevereiro,PR,Sul,549,143,36,139,613,0.260474
2022,2,Fevereiro,RJ,Sudeste,327,69,24,76,380,0.211009
2022,2,Fevereiro,RN,Nordeste,97,32,4,34,103,0.329897
2022,2,Fevereiro,RO,Norte,139,28,5,32,135,0.201439
2022,2,Fevereiro,RR,Norte,20,5,1,4,22,0.25
2022,2,Fevereiro,RS,Sul,401,99,33,93,488,0.246883
2022,2,Fevereiro,SC,Sul,625,162,27,165,744,0.2592
2022,2,Fevereiro,SE,Nordeste,38,16,4,13,52,0.421053
2022,2,Fevereiro,SP,Sudeste,310,74,19,66,334,0.23871
2022,2,Fevereiro,TO,Norte,55,19,5,22,91,0.345455
2022,3,Março,AC,Norte,19,4,2,3,29,0.210526
2022,3,Março,AL,Nordeste,51,12,6,8,53,0.235294
2022,3,Março,AM,Norte,8,2,1,1,10,0.25
2022,3,Março,AP,Norte,18,6,4,7,21,0.333333
2022,3,Março,BA,Nordeste,269,102,63,108,445,0.379182
2022,3,Março,CE,Nordeste,113,42,17,36,137,0.371681
2022,3,Março,DF,Centro-Oeste,76,20,3,18,68,0.263158
2022,3,Março,ES,Sudeste,204,69,12,88,300,0.338235
2022,3,Março,GO,Centro-Oeste,215,66,16,66,258,0.306977
2022,3,Março,MA,Nordeste,78,38,15,33,92,0.487179
2022,3,Março,MG,Sudeste,628,189,51,202,793,0.300955
2022,3,Março,MS,Centro-Oeste,152,42,17,42,168,0.276316
2022,3,Março,MT,Centro-Oeste,173,32,11,31,185,0.184971
2022,3,Março,PA,Norte,56,23,9,19,82,0.410714
2022,3,Março,PB,Nordeste,138,33,9,34,151,0.23913
2022,3,Março,PE,Nordeste,217,68,19,63,238,0.313364
2022,3,Março,PI,Nordeste,101,34,9,31,100,0.336634
2022,3,Março,PR,Sul,586,142,38,143,696,0.242321
2022,3,Março,RJ,Sudeste,390,97,28,89,471,0.248718
2022,3,Março,RN,Nordeste,91,29,8,33,115,0.318681
2022,3,Março,RO,Norte,111,27,5,22,101,0.243243
2022,3,Março,RR,Norte,19,5,2,3,21,0.263158
2022,3,Março,RS,Sul,394,88,32,102,496,0.22335
2022,3,Março,SC,Sul,623,161,31,157,736,0.258427
2022,3,Março,SE,Nordeste,48,11,3,18,60,0.229167
2022,3,Março,SP,Sudeste,355,64,19,63,393,0.180282
2022,3,Março,TO,Norte,42,14,9,9,42,0.333333
2022,4,Abril,AC,Norte,13,4,0,5,17,0.307692
2022,4,Abril,AL,Nordeste,45,10,1,11,46,0.222222
2022,4,Abril,AM,Norte,7,2,3,1,8,0.285714
2022,4,Abril,AP,Norte,14,4,1,6,25,0.285714
2022,4,Abril,BA,Nordeste,284,95,39,89,380,0.334507
2022,4,Abril,CE,Nordeste,118,36,7,32,132,0.305085
2022,4,Abril,DF,Centro-Oeste,81,14,2,15,79,0.17284
2022,4,Abril,ES,Sudeste,211,75,9,78,276,0.35545
2022,4,Abril,GO,Centro-Oeste,255,83,22,88,310,0.32549
2022,4,Abril,MA,Nordeste,86,35,12,29,108,0.406977
2022,4,Abril,MG,Sudeste,652,206,52,199,804,0.315951
2022,4,Abril,MS,Centro-Oeste,137,50,16,52,164,0.364964
2022,4,Abril,MT,Centro-Oeste,175,52,20,41,212,0.297143
2022,4,Abril,PA,Norte,62,22,8,21,98,0.354839
2022,4,Abril,PB,Nordeste,85,34,7,36,98,0.4
2022,4,Abril,PE,Nordeste,221,75,15,68,244,0.339367
2022,4,Abril,PI,Nordeste,87,40,11,42,148,0.45977
2022,4,Abril,PR,Sul,647,173,43,176,706,0.267388
2022,4,Abril,RJ,Sudeste,360,92,19,103,440,0.255556
2022,4,Abril,RN,Nordeste,100,27,7,25,110,0.27
2022,4,Abril,RO,Norte,113,35,7,36,122,0.309735
2022,4,Abril,RR,Norte,29,12,3,11,33,0.413793
2022,4,Abril,RS,Sul,455,97,25,99,514,0.213187
2022,4,Abril,SC,Sul,636,157,30,177,788,0.246855
2022,4,Abril,SE,Nordeste,42,15,2,19,54,0.357143
2022,4,Abril,SP,Sudeste,385,73,19,59,405,0.18961
2022,4,Abril,TO,Norte,39,19,13,8,40,0.487179
2022,5,Maio,AC,Norte,9,3,1,2,11,0.333333
2022,5,Maio,AL,Nordeste,48,10,2,13,53,0.208333
2022,5,Maio,AM,Norte,15,3,1,2,7,0.2
2022,5,Maio,AP,Norte,12,3,1,2,12,0.25
2022,5,Maio,BA,Nordeste,266,92,39,76,315,0.345865
2022,5,Maio,CE,Nordeste,114,39,14,39,155,0.342105
2022,5,Maio,DF,Centro-Oeste,73,13,3,10,81,0.178082
2022,5,Maio,ES,Sudeste,207,61,24,62,283,0.294686
2022,5,Maio,GO,Centro-Oeste,263,83,17,96,337,0.315589
2022,5,Maio,MA,Nordeste,83,29,9,33,98,0.349398
2022,5,Maio,MG,Sudeste,688,219,76,227,921,0.318314
2022,5,Maio,MS,Centro-Oeste,129,43,11,43,156,0.333333
2022,5,Maio,MT,Centro-Oeste,175,64,39,56,298,0.365714
2022,5,Maio,PA,Norte,64,31,22,24,96,0.484375
2022,5,Maio,PB,Nordeste,129,41,11,39,167,0.317829
2022,5,Maio,PE,Nordeste,218,77,30,79,277,0.353211
2022,5,Maio,PI,Nordeste,89,39,10,44,118,0.438202
2022,5,Maio,PR,Sul,630,166,44,165,704,0.263492
2022,5,Maio,RJ,Sudeste,376,83,17,82,413,0.220745
2022,5,Maio,RN,Nordeste,108,31,12,25,130,0.287037
2022,5,Maio,RO,Norte,130,40,12,39,150,0.307692
2022,5,Maio,RR,Norte,28,9,4,7,43,0.321429
2022,5,Maio,RS,Sul,431,82,20,85,445,0.190255
2022,5,Maio,SC,Sul,655,160,39,153,677,0.244275
2022,5,Maio,SE,Nordeste,49,20,4,23,67,0.408163
2022,5,Maio,SP,Sudeste,374,62,25,56,406,0.165775
2022,5,Maio,TO,Norte,36,11,4,11,42,0.305556
2022,6,Junho,AC,Norte,22,12,1,14,29,0.545455
2022,6,Junho,AL,Nordeste,44,14,5,10,46,0.318182
2022,6,Junho,AM,Norte,10,5,2,5,12,0.5
2022,6,Junho,AP,Norte,8,3,0,3,9,0.375
2022,6,Junho,BA,Nordeste,288,112,48,96,406,0.388889
2022,6,Junho,CE,Nordeste,123,43,11,56,156,0.349593
2022,6,Junho,DF,Centro-Oeste,80,14,1,15,83,0.175
2022,6,Junho,ES,Sudeste,186,66,15,74,242,0.354839
2022,6,Junho,GO,Centro-Oeste,225,74,20,74,253,0.328889
2022,6,Junho,MA,Nordeste,87,33,18,35,115,0.37931
2022,6,Junho,MG,Sudeste,632,198,55,176,763,0.313291
2022,6,Junho,MS,Centro-Oeste,125,34,9,29,130,0.272
2022,6,Junho,MT,Centro-Oeste,183,48,22,37,195,0.262295
2022,6,Junho,PA,Norte,60,25,18,15,69,0.416667
2022,6,Junho,PB,Nordeste,113,34,5,35,121,0.300885
2022,6,Junho,PE,Nordeste,233,74,26,71,254,0.317597
2022,6,Junho,PI,Nordeste,80,25,9,19,84,0.3125
2022,6,Junho,PR,Sul,625,182,45,192,709,0.2912
2022,6,Junho,RJ,Sudeste,386,68,12,69,434,0.176166
2022,6,Junho,RN,Nordeste,96,24,6,20,122,0.25
2022,6,Junho,RO,Norte,104,33,9,36,126,0.317308
2022,6,Junho,RR,Norte,30,6,1,5,29,0.2
2022,6,Junho,RS,Sul,365,83,23,89,387,0.227397
2022,6,Junho,SC,Sul,583,155,21,156,607,0.265866
2022,6,Junho,SE,Nordeste,43,10,2,12,43,0.232558
2022,6,Junho,SP,Sudeste,341,62,15,52,360,0.181818
2022,6,Junho,TO,Norte,43,21,6,23,69,0.488372
2022,7,Julho,AC,Norte,23,8,7,6,34,0.347826
2022,7,Julho,AL,Nordeste,52,19,2,21,64,0.365385
2022,7,Julho,AM,Norte,11,5,2,5,11,0.454545
2022,7,Julho,AP,Norte,14,4,0,5,19,0.285714
2022,7,Julho,BA,Nordeste,314,108,48,106,447,0.343949
2022,7,Julho,CE,Nordeste,93,26,12,20,118,0.27957
2022,7,Julho,DF,Centro-Oeste,104,16,1,16,106,0.153846
2022,7,Julho,ES,Sudeste,202,67,12,66,246,0.331683
2022,7,Julho,GO,Centro-Oeste,325,79,29,82,383,0.243077
2022,7,Julho,MA,Nordeste,92,42,16,47,139,0.456522
2022,7,Julho,MG,Sudeste,739,192,65,185,948,0.259811
2022,7,Julho,MS,Centro-Oeste,123,47,17,41,159,0.382114
2022,7,Julho,MT,Centro-Oeste,212,73,34,70,270,0.34434
2022,7,Julho,PA,Norte,84,42,19,38,135,0.5
2022,7,Julho,PB,Nordeste,114,42,13,39,140,0.368421
2022,7,Julho,PE,Nordeste,205,70,22,65,258,0.341463
2022,7,Julho,PI,Nordeste,86,29,9,26,94,0.337209
2022,7,Julho,PR,Sul,664,182,50,171,718,0.274096
2022,7,Julho,RJ,Sudeste,381,91,20,89,451,0.238845
2022,7,Julho,RN,Nordeste,121,30,8,36,159,0.247934
2022,7,Julho,RO,Norte,130,36,9,32,156,0.276923
2022,7,Julho,RR,Norte,14,4,4,5,17,0.285714
2022,7,Julho,RS,Sul,417,91,44,101,468,0.218225
2022,7,Julho,SC,Sul,662,184,26,186,726,0.277946
2022,7,Julho,SE,Nordeste,51,19,1,32,62,0.372549
2022,7,Julho,SP,Sudeste,358,75,12,67,382,0.209497
2022,7,Julho,TO,Norte,68,32,12,26,127,0.470588
2022,8,Agosto,AC,Norte,14,7,0,12,19,0.5
2022,8,Agosto,AL,Nordeste,65,21,7,18,79,0.323077
2022,8,Agosto,AM,Norte,14,3,3,2,16,0.214286
2022,8,Agosto,AP,Norte,16,6,2,6,16,0.375
2022,8,Agosto,BA,Nordeste,291,111,55,98,391,0.381443
2022,8,Agosto,CE,Nordeste,111,40,16,32,120,0.36036
2022,8,Agosto,DF,Centro-Oeste,84,19,6,16,84,0.22619
2022,8,Agosto,ES,Sudeste,201,69,17,70,255,0.343284
2022,8,Agosto,GO,Centro-Oeste,281,87,31,83,391,0.309609
2022,8,Agosto,MA,Nordeste,98,42,23,40,149,0.428571
2022,8,Agosto,MG,Sudeste,683,200,59,203,869,0.292826
2022,8,Agosto,MS,Centro-Oeste,147,54,15,53,175,0.367347
2022,8,Agosto,MT,Centro-Oeste,202,50,11,50,228,0.247525
2022,8,Agosto,PA,Norte,75,30,9,28,90,0.4
2022,8,Agosto,PB,Nordeste,130,40,4,44,149,0.307692
2022,8,Agosto,PE,Nordeste,239,81,28,76,305,0.338912
2022,8,Agosto,PI,Nordeste,114,58,19,48,166,0.508772
2022,8,Agosto,PR,Sul,644,166,54,162,727,0.257764
2022,8,Agosto,RJ,Sudeste,434,88,23,89,536,0.202765
2022,8,Agosto,RN,Nordeste,141,44,6,50,176,0.312057
2022,8,Agosto,RO,Norte,100,27,5,25,121,0.27
2022,8,Agosto,RR,Norte,11,4,2,3,13,0.363636
2022,8,Agosto,RS,Sul,444,105,26,113,509,0.236486
2022,8,Agosto,SC,Sul,595,166,38,183,707,0.278992
2022,8,Agosto,SE,Nordeste,49,21,5,23,63,0.428571
2022,8,Agosto,SP,Sudeste,375,73,16,66,427,0.194667
2022,8,Agosto,TO,Norte,52,17,6,13,56,0.326923
2022,9,Setembro,AC,Norte,26,9,3,9,33,0.346154
2022,9,Setembro,AL,Nordeste,46,17,3,16,51,0.369565
2022,9,Setembro,AM,Norte,11,4,6,4,33,0.363636
2022,9,Setembro,AP,Norte,20,9,1,11,25,0.45
2022,9,Setembro,BA,Nordeste,319,109,40,92,377,0.341693
2022,9,Setembro,CE,Nordeste,100,30,6,34,125,0.3
2022,9,Setembro,DF,Centro-Oeste,95,24,8,24,113,0.252632
2022,9,Setembro,ES,Sudeste,169,52,10,54,208,0.307692
2022,9,Setembro,GO,Centro-Oeste,268,74,22,81,334,0.276119
2022,9,Setembro,MA,Nordeste,109,45,20,37,131,0.412844
2022,9,Setembro,MG,Sudeste,731,209,58,258,1015,0.28591
2022,9,Setembro,MS,Centro-Oeste,129,38,11,36,140,0.294574
2022,9,Setembro,MT,Centro-Oeste,200,70,33,71,260,0.35
2022,9,Setembro,PA,Norte,82,46,31,33,124,0.560976
2022,9,Setembro,PB,Nordeste,128,52,14,53,166,0.40625
2022,9,Setembro,PE,Nordeste,245,90,19,84,288,0.367347
2022,9,Setembro,PI,Nordeste,98,38,11,34,114,0.387755
2022,9,Setembro,PR,Sul,621,171,62,157,718,0.275362
2022,9,Setembro,RJ,Sudeste,444,100,31,89,545,0.225225
2022,9,Setembro,RN,Nordeste,113,34,7,37,139,0.300885
2022,9,Setembro,RO,Norte,120,31,11,28,150,0.258333
2022,9,Setembro,RR,Norte,12,5,0,5,13,0.416667
2022,9,Setembro,RS,Sul,378,76,23,69,400,0.201058
2022,9,Setembro,SC,Sul,596,184,36,178,681,0.308725
2022,9,Setembro,SE,Nordeste,38,15,5,13,34,0.394737
2022,9,Setembro,SP,Sudeste,380,84,19,78,416,0.221053
2022,9,Setembro,TO,Norte,54,20,8,18,60,0.37037
2022,10,Outubro,AC,Norte,16,3,0,3,21,0.1875
2022,10,Outubro,AL,Nordeste,52,22,4,24,64,0.423077
2022,10,Outubro,AM,Norte,7,2,0,2,10,0.285714
2022,10,Outubro,AP,Norte,16,5,3,3,14,0.3125
2022,10,Outubro,BA,Nordeste,347,116,42,100,443,0.334294
2022,10,Outubro,CE,Nordeste,121,40,14,29,126,0.330579
2022,10,Outubro,DF,Centro-Oeste,79,14,5,14,92,0.177215
2022,10,Outubro,ES,Sudeste,185,53,10,55,253,0.286486
2022,10,Outubro,GO,Centro-Oeste,262,62,24,53,291,0.236641
2022,10,Outubro,MA,Nordeste,103,46,20,43,126,0.446602
2022,10,Outubro,MG,Sudeste,789,244,66,264,1156,0.309252
2022,10,Outubro,MS,Centro-Oeste,152,47,18,45,202,0.309211
2022,10,Outubro,MT,Centro-Oeste,184,51,27,50,225,0.277174
2022,10,Outubro,PA,Norte,56,30,10,28,73,0.535714
2022,10,Outubro,PB,Nordeste,151,55,16,48,172,0.364238
2022,10,Outubro,PE,Nordeste,285,115,30,119,342,0.403509
2022,10,Outubro,PI,Nordeste,112,51,13,48,124,0.455357
2022,10,Outubro,PR,Sul,643,177,47,162,740,0.275272
2022,10,Outubro,RJ,Sudeste,433,99,27,93,524,0.228637
2022,10,Outubro,RN,Nordeste,117,43,11,40,144,0.367521
2022,10,Outubro,RO,Norte,126,33,12,28,148,0.261905
2022,10,Outubro,RR,Norte,13,5,0,6,29,0.384615
2022,10,Outubro,RS,Sul,436,105,37,121,544,0.240826
2022,10,Outubro,SC,Sul,634,166,28,185,754,0.26183
2022,10,Outubro,SE,Nordeste,37,21,6,18,48,0.567568
2022,10,Outubro,SP,Sudeste,385,67,19,52,401,0.174026
2022,10,Outubro,TO,Norte,51,18,7,17,68,0.352941
2022,11,Novembro,AC,Norte,16,7,2,7,23,0.4375
2022,11,Novembro,AL,Nordeste,46,24,4,24,57,0.521739
2022,11,Novembro,AM,Norte,10,3,1,2,13,0.3
2022,11,Novembro,AP,Norte,19,10,3,8,26,0.526316
2022,11,Novembro,BA,Nordeste,264,86,29,87,366,0.325758
2022,11,Novembro,CE,Nordeste,105,41,9,40,127,0.390476
2022,11,Novembro,DF,Centro-Oeste,67,8,2,8,80,0.119403
2022,11,Novembro,ES,Sudeste,181,70,19,78,246,0.38674
2022,11,Novembro,GO,Centro-Oeste,217,60,19,56,258,0.276498
2022,11,Novembro,MA,Nordeste,79,42,23,48,131,0.531646
2022,11,Novembro,MG,Sudeste,677,195,48,217,938,0.288035
2022,11,Novembro,MS,Centro-Oeste,142,49,12,43,144,0.34507
2022,11,Novembro,MT,Centro-Oeste,143,36,10,36,187,0.251748
2022,11,Novembro,PA,Norte,66,28,17,28,85,0.424242
2022,11,Novembro,PB,Nordeste,118,30,12,21,146,0.254237
2022,11,Novembro,PE,Nordeste,224,78,24,69,250,0.348214
2022,11,Novembro,PI,Nordeste,87,38,10,38,113,0.436782
2022,11,Novembro,PR,Sul,620,165,59,167,754,0.266129
2022,11,Novembro,RJ,Sudeste,391,80,18,71,443,0.204604
2022,11,Novembro,RN,Nordeste,103,36,6,34,134,0.349515
2022,11,Novembro,RO,Norte,88,26,4,26,88,0.295455
2022,11,Novembro,RR,Norte,13,4,1,4,16,0.307692
2022,11,Novembro,RS,Sul,398,74,24,74,460,0.18593
2022,11,Novembro,SC,Sul,684,174,24,178,787,0.254386
2022,11,Novembro,SE,Nordeste,42,15,6,13,47,0.357143
2022,11,Novembro,SP,Sudeste,397,76,26,62,450,0.191436
2022,11,Novembro,TO,Norte,32,16,7,16,55,0.5
2022,12,Dezembro,AC,Norte,20,9,2,10,32,0.45
2022,12,Dezembro,AL,Nordeste,60,21,11,18,69,0.35
2022,12,Dezembro,AM,Norte,11,2,0,4,18,0.181818
2022,12,Dezembro,AP,Norte,16,7,2,10,26,0.4375
2022,12,Dezembro,BA,Nordeste,286,102,45,101,372,0.356643
2022,12,Dezembro,CE,Nordeste,133,49,17,46,192,0.368421
2022,12,Dezembro,DF,Centro-Oeste,75,19,6,15,79,0.253333
2022,12,Dezembro,ES,Sudeste,169,53,7,68,226,0.313609
2022,12,Dezembro,GO,Centro-Oeste,304,82,30,80,383,0.269737
2022,12,Dezembro,MA,Nordeste,121,56,29,40,159,0.46281
2022,12,Dezembro,MG,Sudeste,778,198,58,197,1095,0.254499
2022,12,Dezembro,MS,Centro-Oeste,152,40,12,42,183,0.263158
2022,12,Dezembro,MT,Centro-Oeste,196,57,15,54,226,0.290816
2022,12,Dezembro,PA,Norte,101,45,17,61,170,0.445545
2022,12,Dezembro,PB,Nordeste,134,49,17,54,175,0.365672
2022,12,Dezembro,PE,Nordeste,265,85,34,78,386,0.320755
2022,12,Dezembro,PI,Nordeste,98,44,14,40,120,0.44898
2022,12,Dezembro,PR,Sul,611,149,36,162,728,0.243863
2022,12,Dezembro,RJ,Sudeste,466,89,23,80,531,0.190987
2022,12,Dezembro,RN,Nordeste,118,39,10,45,140,0.330508
2022,12,Dezembro,RO,Norte,115,28,5,28,132,0.243478
2022,12,Dezembro,RR,Norte,17,11,3,11,29,0.647059
2022,12,Dezembro,RS,Sul,446,97,23,102,530,0.217489
2022,12,Dezembro,SC,Sul,664,162,28,161,774,0.243976
2022,12,Dezembro,SE,Nordeste,30,17,4,17,47,0.566667
2022,12,Dezembro,SP,Sudeste,395,79,20,69,454,0.2
2022,12,Dezembro,TO,Norte,57,17,2,21,80,0.298246
2023,1,Janeiro,AC,Norte,14,2,0,2,17,0.142857
2023,1,Janeiro,AL,Nordeste,48,23,7,27,69,0.479167
2023,1,Janeiro,AM,Norte,7,2,2,0,11,0.285714
2023,1,Janeiro,AP,Norte,13,4,0,4,15,0.307692
2023,1,Janeiro,BA,Nordeste,291,104,38,108,464,0.357388
2023,1,Janeiro,CE,Nordeste,100,30,11,26,124,0.3
2023,1,Janeiro,DF,Centro-Oeste,62,9,3,9,59,0.145161
2023,1,Janeiro,ES,Sudeste,184,66,23,67,256,0.358696
2023,1,Janeiro,GO,Centro-Oeste,256,65,19,74,361,0.253906
2023,1,Janeiro,MA,Nordeste,79,28,18,23,121,0.35443
2023,1,Janeiro,MG,Sudeste,734,202,56,249,1060,0.275204
2023,1,Janeiro,MS,Centro-Oeste,126,36,15,37,161,0.285714
2023,1,Janeiro,MT,Centro-Oeste,160,51,24,43,250,0.31875
2023,1,Janeiro,PA,Norte,54,22,11,19,75,0.407407
2023,1,Janeiro,PB,Nordeste,120,42,11,42,171,0.35
2023,1,Janeiro,PE,Nordeste,236,68,14,79,302,0.288136
2023,1,Janeiro,PI,Nordeste,94,44,15,41,127,0.468085
2023,1,Janeiro,PR,Sul,553,170,59,180,748,0.307414
2023,1,Janeiro,RJ,Sudeste,424,102,23,95,561,0.240566
2023,1,Janeiro,RN,Nordeste,104,37,7,49,149,0.355769
2023,1,Janeiro,RO,Norte,113,35,9,40,143,0.309735
2023,1,Janeiro,RR,Norte,11,6,1,5,11,0.545455
2023,1,Janeiro,RS,Sul,384,89,28,105,468,0.231771
2023,1,Janeiro,SC,Sul,653,189,30,197,759,0.289433
2023,1,Janeiro,SE,Nordeste,39,16,3,15,47,0.410256
2023,1,Janeiro,SP,Sudeste,348,68,20,55,409,0.195402
2023,1,Janeiro,TO,Norte,47,15,2,16,65,0.319149
2023,2,Fevereiro,AC,Norte,12,3,0,3,11,0.25
2023,2,Fevereiro,AL,Nordeste,39,12,4,14,56,0.307692
2023,2,Fevereiro,AM,Norte,13,5,0,6,8,0.384615
2023,2,Fevereiro,AP,Norte,9,2,1,1,9,0.222222
2023,2,Fevereiro,BA,Nordeste,256,85,37,84,394,0.332031
2023,2,Fevereiro,CE,Nordeste,100,36,10,33,133,0.36
2023,2,Fevereiro,DF,Centro-Oeste,67,9,3,8,85,0.134328
2023,2,Fevereiro,ES,Sudeste,182,57,9,63,233,0.313187
2023,2,Fevereiro,GO,Centro-Oeste,234,66,14,68,276,0.282051
2023,2,Fevereiro,MA,Nordeste,73,33,12,28,80,0.452055
2023,2,Fevereiro,MG,Sudeste,594,157,35,165,746,0.26431
2023,2,Fevereiro,MS,Centro-Oeste,119,33,9,29,126,0.277311
2023,2,Fevereiro,MT,Centro-Oeste,161,39,12,36,190,0.242236
2023,2,Fevereiro,PA,Norte,73,30,7,27,84,0.410959
2023,2,Fevereiro,PB,Nordeste,112,48,15,44,142,0.428571
2023,2,Fevereiro,PE,Nordeste,214,63,19,56,270,0.294393
2023,2,Fevereiro,PI,Nordeste,82,36,12,29,93,0.439024
2023,2,Fevereiro,PR,Sul,519,133,31,125,629,0.256262
2023,2,Fevereiro,RJ,Sudeste,396,75,18,73,486,0.189394
2023,2,Fevereiro,RN,Nordeste,100,30,6,32,142,0.3
2023,2,Fevereiro,RO,Norte,85,24,4,30,103,0.282353
2023,2,Fevereiro,RR,Norte,7,5,3,3,11,0.714286
2023,2,Fevereiro,RS,Sul,331,78,26,73,409,0.23565
2023,2,Fevereiro,SC,Sul,555,124,24,123,641,0.223423
2023,2,Fevereiro,SE,Nordeste,28,6,0,7,42,0.214286
2023,2,Fevereiro,SP,Sudeste,339,63,16,52,382,0.185841
2023,2,Fevereiro,TO,Norte,51,21,7,18,68,0.411765
2023,3,Março,AC,Norte,12,3,1,2,16,0.25
2023,3,Março,AL,Nordeste,48,24,6,25,61,0.5
2023,3,Março,AM,Norte,6,3,0,3,6,0.5
2023,3,Março,AP,Norte,13,3,1,3,11,0.230769
2023,3,Março,BA,Nordeste,287,113,38,97,368,0.393728
2023,3,Março,CE,Nordeste,114,40,14,35,127,0.350877
2023,3,Março,DF,Centro-Oeste,81,15,6,13,87,0.185185
2023,3,Março,ES,Sudeste,180,63,21,55,216,0.35
2023,3,Março,GO,Centro-Oeste,243,74,18,70,283,0.304527
2023,3,Março,MA,Nordeste,83,39,19,31,93,0.46988
2023,3,Março,MG,Sudeste,728,224,64,255,1006,0.307692
2023,3,Março,MS,Centro-Oeste,146,56,15,64,195,0.383562
2023,3,Março,MT,Centro-Oeste,177,51,24,42,215,0.288136
2023,3,Março,PA,Norte,78,34,11,26,82,0.435897
2023,3,Março,PB,Nordeste,94,39,12,41,122,0.414894
2023,3,Março,PE,Nordeste,248,95,25,94,324,0.383065
2023,3,Março,PI,Nordeste,101,37,12,27,108,0.366337
2023,3,Março,PR,Sul,556,140,37,129,634,0.251799
2023,3,Março,RJ,Sudeste,452,89,29,76,533,0.196903
2023,3,Março,RN,Nordeste,128,43,8,44,162,0.335938
2023,3,Março,RO,Norte,129,30,6,33,136,0.232558
2023,3,Março,RR,Norte,13,6,4,3,25,0.461538
2023,3,Março,RS,Sul,496,106,38,88,534,0.21371
2023,3,Março,SC,Sul,670,155,28,166,750,0.231343
2023,3,Março,SE,Nordeste,50,8,1,10,61,0.16
2023,3,Março,SP,Sudeste,410,83,21,77,512,0.202439
2023,3,Março,TO,Norte,53,23,5,20,66,0.433962
2023,4,Abril,AC,Norte,16,4,1,4,25,0.25
2023,4,Abril,AL,Nordeste,58,23,5,21,65,0.396552
2023,4,Abril,AM,Norte,4,1,0,1,3,0.25
2023,4,Abril,AP,Norte,11,1,0,1,15,0.090909
2023,4,Abril,BA,Nordeste,299,93,34,80,386,0.311037
2023,4,Abril,CE,Nordeste,113,40,9,42,134,0.353982
2023,4,Abril,DF,Centro-Oeste,77,15,4,14,85,0.194805
2023,4,Abril,ES,Sudeste,171,48,13,40,202,0.280702
2023,4,Abril,GO,Centro-Oeste,243,58,11,62,269,0.238683
2023,4,Abril,MA,Nordeste,88,41,11,38,115,0.465909
2023,4,Abril,MG,Sudeste,742,197,54,193,980,0.265499
2023,4,Abril,MS,Centro-Oeste,137,40,15,39,155,0.291971
2023,4,Abril,MT,Centro-Oeste,177,52,25,35,194,0.293785
2023,4,Abril,PA,Norte,77,32,18,18,82,0.415584
2023,4,Abril,PB,Nordeste,142,42,6,44,163,0.295775
2023,4,Abril,PE,Nordeste,252,92,19,97,341,0.365079
2023,4,Abril,PI,Nordeste,83,33,9,34,93,0.39759
2023,4,Abril,PR,Sul,608,172,43,166,664,0.282895
2023,4,Abril,RJ,Sudeste,476,78,22,69,556,0.163866
2023,4,Abril,RN,Nordeste,117,27,11,30,131,0.230769
2023,4,Abril,RO,Norte,105,27,6,28,128,0.257143
2023,4,Abril,RR,Norte,16,4,0,4,20,0.25
2023,4,Abril,RS,Sul,436,106,28,108,467,0.243119
2023,4,Abril,SC,Sul,664,171,31,170,810,0.25753
2023,4,Abril,SE,Nordeste,52,24,10,20,72,0.461538
2023,4,Abril,SP,Sudeste,404,67,16,71,484,0.165842
2023,4,Abril,TO,Norte,35,18,2,23,38,0.514286
2023,5,Maio,AC,Norte,23,4,0,7,29,0.173913
2023,5,Maio,AL,Nordeste,55,24,6,26,67,0.436364
2023,5,Maio,AM,Norte,10,4,0,6,29,0.4
2023,5,Maio,AP,Norte,10,3,1,4,15,0.3
2023,5,Maio,BA,Nordeste,296,102,47,97,423,0.344595
2023,5,Maio,CE,Nordeste,116,35,10,42,182,0.301724
2023,5,Maio,DF,Centro-Oeste,94,19,8,19,122,0.202128
2023,5,Maio,ES,Sudeste,194,71,9,75,237,0.365979
2023,5,Maio,GO,Centro-Oeste,247,75,21,71,309,0.303644
2023,5,Maio,MA,Nordeste,106,46,17,51,143,0.433962
2023,5,Maio,MG,Sudeste,718,221,53,225,972,0.307799
2023,5,Maio,MS,Centro-Oeste,136,44,15,43,174,0.323529
2023,5,Maio,MT,Centro-Oeste,209,62,23,56,233,0.296651
2023,5,Maio,PA,Norte,71,37,21,34,135,0.521127
2023,5,Maio,PB,Nordeste,128,48,16,42,157,0.375
2023,5,Maio,PE,Nordeste,227,83,32,76,273,0.365639
2023,5,Maio,PI,Nordeste,91,34,5,33,105,0.373626
2023,5,Maio,PR,Sul,597,158,35,164,661,0.264657
2023,5,Maio,RJ,Sudeste,448,94,26,78,504,0.209821
2023,5,Maio,RN,Nordeste,103,28,4,27,105,0.271845
2023,5,Maio,RO,Norte,139,50,14,51,184,0.359712
2023,5,Maio,RR,Norte,19,5,4,8,40,0.263158
2023,5,Maio,RS,Sul,433,109,35,109,531,0.251732
2023,5,Maio,SC,Sul,662,177,34,192,762,0.267372
2023,5,Maio,SE,Nordeste,44,9,2,7,41,0.204545
2023,5,Maio,SP,Sudeste,408,87,29,71,479,0.213235
2023,5,Maio,TO,Norte,54,21,8,15,61,0.388889
2023,6,Junho,AC,Norte,20,5,1,6,31,0.25
2023,6,Junho,AL,Nordeste,59,18,5,19,59,0.305085
2023,6,Junho,AM,Norte,7,5,2,3,9,0.714286
2023,6,Junho,AP,Norte,12,3,2,1,13,0.25
2023,6,Junho,BA,Nordeste,331,104,61,89,458,0.314199
2023,6,Junho,CE,Nordeste,99,41,13,42,137,0.414141
2023,6,Junho,DF,Centro-Oeste,83,17,5,14,87,0.204819
2023,6,Junho,ES,Sudeste,180,61,13,64,246,0.338889
2023,6,Junho,GO,Centro-Oeste,261,79,33,75,323,0.302682
2023,6,Junho,MA,Nordeste,106,46,22,36,117,0.433962
2023,6,Junho,MG,Sudeste,739,228,80,213,968,0.308525
2023,6,Junho,MS,Centro-Oeste,150,40,21,42,199,0.266667
2023,6,Junho,MT,Centro-Oeste,195,64,24,57,271,0.328205
2023,6,Junho,PA,Norte,72,40,21,38,107,0.555556
2023,6,Junho,PB,Nordeste,155,43,7,48,168,0.277419
2023,6,Junho,PE,Nordeste,269,88,29,76,302,0.327138
2023,6,Junho,PI,Nordeste,112,47,16,45,135,0.419643
2023,6,Junho,PR,Sul,641,173,57,178,758,0.269891
2023,6,Junho,RJ,Sudeste,419,111,28,106,498,0.264916
2023,6,Junho,RN,Nordeste,104,34,6,32,131,0.326923
2023,6,Junho,RO,Norte,125,41,9,36,136,0.328
2023,6,Junho,RR,Norte,13,8,0,10,28,0.615385
2023,6,Junho,RS,Sul,458,102,24,106,491,0.222707
2023,6,Junho,SC,Sul,646,161,30,159,738,0.249226
2023,6,Junho,SE,Nordeste,47,16,6,14,61,0.340426
2023,6,Junho,SP,Sudeste,375,78,20,67,423,0.208
2023,6,Junho,TO,Norte,57,27,8,35,100,0.473684
2023,7,Julho,AC,Norte,23,9,6,4,38,0.391304
2023,7,Julho,AL,Nordeste,52,19,7,15,57,0.365385
2023,7,Julho,AM,Norte,17,4,1,3,20,0.235294
2023,7,Julho,AP,Norte,9,4,2,2,8,0.444444
2023,7,Julho,BA,Nordeste,343,117,66,105,487,0.341108
2023,7,Julho,CE,Nordeste,110,42,14,37,135,0.381818
2023,7,Julho,DF,Centro-Oeste,100,30,5,29,122,0.3
2023,7,Julho,ES,Sudeste,210,63,10,62,268,0.3
2023,7,Julho,GO,Centro-Oeste,292,90,40,94,399,0.308219
2023,7,Julho,MA,Nordeste,111,51,27,47,157,0.459459
2023,7,Julho,MG,Sudeste,814,250,64,261,1223,0.307125
2023,7,Julho,MS,Centro-Oeste,182,59,25,49,209,0.324176
2023,7,Julho,MT,Centro-Oeste,194,53,31,53,244,0.273196
2023,7,Julho,PA,Norte,87,41,27,30,112,0.471264
2023,7,Julho,PB,Nordeste,131,52,10,62,188,0.396947
2023,7,Julho,PE,Nordeste,232,73,28,71,284,0.314655
2023,7,Julho,PI,Nordeste,139,62,17,58,172,0.446043
2023,7,Julho,PR,Sul,593,181,53,179,697,0.305228
2023,7,Julho,RJ,Sudeste,483,101,36,85,582,0.20911
2023,7,Julho,RN,Nordeste,105,35,12,27,123,0.333333
2023,7,Julho,RO,Norte,130,42,8,40,134,0.323077
2023,7,Julho,RR,Norte,8,2,3,0,9,0.25
2023,7,Julho,RS,Sul,408,83,19,87,474,0.203431
2023,7,Julho,SC,Sul,666,135,27,158,736,0.202703
2023,7,Julho,SE,Nordeste,40,6,2,4,47,0.15
2023,7,Julho,SP,Sudeste,428,72,14,68,474,0.168224
2023,7,Julho,TO,Norte,59,14,5,17,83,0.237288
2023,8,Agosto,AC,Norte,25,12,7,13,37,0.48
2023,8,Agosto,AL,Nordeste,40,15,3,15,60,0.375
2023,8,Agosto,AM,Norte,8,2,1,4,10,0.25
2023,8,Agosto,AP,Norte,17,6,2,6,21,0.352941
2023,8,Agosto,BA,Nordeste,304,90,43,87,393,0.296053
2023,8,Agosto,CE,Nordeste,141,44,9,45,162,0.312057
2023,8,Agosto,DF,Centro-Oeste,84,26,5,28,101,0.309524
2023,8,Agosto,ES,Sudeste,183,70,16,69,231,0.382514
2023,8,Agosto,GO,Centro-Oeste,254,56,23,43,288,0.220472
2023,8,Agosto,MA,Nordeste,104,56,28,51,159,0.538462
2023,8,Agosto,MG,Sudeste,745,215,70,234,998,0.288591
2023,8,Agosto,MS,Centro-Oeste,148,41,9,45,164,0.277027
2023,8,Agosto,MT,Centro-Oeste,196,52,20,48,203,0.265306
2023,8,Agosto,PA,Norte,67,30,10,24,82,0.447761
2023,8,Agosto,PB,Nordeste,123,36,7,39,148,0.292683
2023,8,Agosto,PE,Nordeste,240,85,26,78,285,0.354167
2023,8,Agosto,PI,Nordeste,106,41,10,37,121,0.386792
2023,8,Agosto,PR,Sul,604,172,56,158,704,0.284768
2023,8,Agosto,RJ,Sudeste,480,102,31,92,575,0.2125
2023,8,Agosto,RN,Nordeste,103,38,7,37,148,0.368932
2023,8,Agosto,RO,Norte,139,41,13,46,178,0.294964
2023,8,Agosto,RR,Norte,8,2,1,1,8,0.25
2023,8,Agosto,RS,Sul,388,96,24,98,456,0.247423
2023,8,Agosto,SC,Sul,608,170,44,162,702,0.279605
2023,8,Agosto,SE,Nordeste,39,13,1,17,43,0.333333
2023,8,Agosto,SP,Sudeste,398,69,15,66,425,0.173367
2023,8,Agosto,TO,Norte,61,19,7,18,67,0.311475
2023,9,Setembro,AC,Norte,21,10,2,8,27,0.47619
2023,9,Setembro,AL,Nordeste,56,16,4,16,66,0.285714
2023,9,Setembro,AM,Norte,8,2,1,6,12,0.25
2023,9,Setembro,AP,Norte,10,6,0,7,18,0.6
2023,9,Setembro,BA,Nordeste,339,110,46,106,439,0.324484
2023,9,Setembro,CE,Nordeste,100,35,6,36,128,0.35
2023,9,Setembro,DF,Centro-Oeste,92,18,4,15,97,0.195652
2023,9,Setembro,ES,Sudeste,193,62,16,68,262,0.321244
2023,9,Setembro,GO,Centro-Oeste,280,93,38,95,394,0.332143
2023,9,Setembro,MA,Nordeste,97,55,15,56,147,0.56701
2023,9,Setembro,MG,Sudeste,731,214,56,236,1000,0.29275
2023,9,Setembro,MS,Centro-Oeste,154,41,13,37,199,0.266234
2023,9,Setembro,MT,Centro-Oeste,215,61,19,51,208,0.283721
2023,9,Setembro,PA,Norte,77,38,22,35,106,0.493506
2023,9,Setembro,PB,Nordeste,122,43,13,36,138,0.352459
2023,9,Setembro,PE,Nordeste,257,95,15,97,319,0.36965
2023,9,Setembro,PI,Nordeste,105,35,7,30,104,0.333333
2023,9,Setembro,PR,Sul,598,158,41,157,718,0.264214
2023,9,Setembro,RJ,Sudeste,470,83,16,77,565,0.176596
2023,9,Setembro,RN,Nordeste,119,39,4,47,167,0.327731
2023,9,Setembro,RO,Norte,100,30,6,29,106,0.3
2023,9,Setembro,RR,Norte,8,3,1,4,13,0.375
2023,9,Setembro,RS,Sul,382,65,16,66,418,0.170157
2023,9,Setembro,SC,Sul,663,161,32,154,733,0.242836
2023,9,Setembro,SE,Nordeste,42,9,2,9,39,0.214286
2023,9,Setembro,SP,Sudeste,371,65,19,55,404,0.175202
2023,9,Setembro,TO,Norte,54,25,5,26,64,0.462963
2023,10,Outubro,AC,Norte,19,4,0,4,14,0.210526
2023,10,Outubro,AL,Nordeste,48,22,5,19,55,0.458333
2023,10,Outubro,AM,Norte,11,4,1,4,10,0.363636
2023,10,Outubro,AP,Norte,10,3,1,2,38,0.3
2023,10,Outubro,BA,Nordeste,324,140,56,144,474,0.432099
2023,10,Outubro,CE,Nordeste,131,58,16,52,162,0.442748
2023,10,Outubro,DF,Centro-Oeste,71,17,6,21,96,0.239437
2023,10,Outubro,ES,Sudeste,180,53,10,59,220,0.294444
2023,10,Outubro,GO,Centro-Oeste,266,78,23,74,337,0.293233
2023,10,Outubro,MA,Nordeste,94,42,19,39,107,0.446809
2023,10,Outubro,MG,Sudeste,834,245,73,253,1207,0.293765
2023,10,Outubro,MS,Centro-Oeste,138,51,13,53,165,0.369565
2023,10,Outubro,MT,Centro-Oeste,224,72,30,69,280,0.321429
2023,10,Outubro,PA,Norte,69,34,17,34,94,0.492754
2023,10,Outubro,PB,Nordeste,133,41,15,31,151,0.308271
2023,10,Outubro,PE,Nordeste,244,79,24,88,318,0.32377
2023,10,Outubro,PI,Nordeste,121,43,14,35,151,0.355372
2023,10,Outubro,PR,Sul,601,171,51,171,743,0.284526
2023,10,Outubro,RJ,Sudeste,460,91,29,79,551,0.197826
2023,10,Outubro,RN,Nordeste,116,38,13,34,154,0.327586
2023,10,Outubro,RO,Norte,103,26,4,24,119,0.252427
2023,10,Outubro,RR,Norte,16,5,6,2,25,0.3125
2023,10,Outubro,RS,Sul,409,87,15,91,521,0.212714
2023,10,Outubro,SC,Sul,609,137,33,136,642,0.224959
2023,10,Outubro,SE,Nordeste,49,14,4,13,57,0.285714
2023,10,Outubro,SP,Sudeste,405,84,20,77,460,0.207407
2023,10,Outubro,TO,Norte,55,25,6,21,71,0.454545
2023,11,Novembro,AC,Norte,21,7,5,7,28,0.333333
2023,11,Novembro,AL,Nordeste,50,13,2,16,55,0.26
2023,11,Novembro,AM,Norte,9,4,2,2,13,0.444444
2023,11,Novembro,AP,Norte,13,4,0,4,17,0.307692
2023,11,Novembro,BA,Nordeste,307,110,45,100,402,0.358306
2023,11,Novembro,CE,Nordeste,125,43,11,46,179,0.344
2023,11,Novembro,DF,Centro-Oeste,76,14,3,12,78,0.184211
2023,11,Novembro,ES,Sudeste,189,63,8,72,227,0.333333
2023,11,Novembro,GO,Centro-Oeste,266,75,21,62,287,0.281955
2023,11,Novembro,MA,Nordeste,110,61,29,51,148,0.554545
2023,11,Novembro,MG,Sudeste,723,201,56,230,1044,0.278008
2023,11,Novembro,MS,Centro-Oeste,140,47,11,51,166,0.335714
2023,11,Novembro,MT,Centro-Oeste,180,57,22,54,209,0.316667
2023,11,Novembro,PA,Norte,94,46,15,37,117,0.489362
2023,11,Novembro,PB,Nordeste,144,52,10,51,182,0.361111
2023,11,Novembro,PE,Nordeste,250,92,17,107,336,0.368
2023,11,Novembro,PI,Nordeste,103,51,11,46,130,0.495146
2023,11,Novembro,PR,Sul,563,151,50,145,640,0.268206
2023,11,Novembro,RJ,Sudeste,477,92,24,104,615,0.192872
2023,11,Novembro,RN,Nordeste,140,45,14,40,172,0.321429
2023,11,Novembro,RO,Norte,106,33,11,34,119,0.311321
2023,11,Novembro,RR,Norte,9,4,0,5,7,0.444444
2023,11,Novembro,RS,Sul,378,73,17,81,428,0.193122
2023,11,Novembro,SC,Sul,632,142,26,141,767,0.224684
2023,11,Novembro,SE,Nordeste,45,20,3,27,73,0.444444
2023,11,Novembro,SP,Sudeste,398,79,20,76,467,0.198492
2023,11,Novembro,TO,Norte,44,18,5,19,47,0.409091
2023,12,Dezembro,AC,Norte,19,5,1,5,24,0.263158
2023,12,Dezembro,AL,Nordeste,67,27,10,26,88,0.402985
2023,12,Dezembro,AM,Norte,5,2,1,1,8,0.4
2023,12,Dezembro,AP,Norte,17,7,2,6,24,0.411765
2023,12,Dezembro,BA,Nordeste,378,137,53,144,566,0.362434
2023,12,Dezembro,CE,Nordeste,114,42,14,35,139,0.368421
2023,12,Dezembro,DF,Centro-Oeste,90,21,5,20,106,0.233333
2023,12,Dezembro,ES,Sudeste,195,66,15,82,270,0.338462
2023,12,Dezembro,GO,Centro-Oeste,294,86,29,82,363,0.292517
2023,12,Dezembro,MA,Nordeste,112,55,34,44,144,0.491071
2023,12,Dezembro,MG,Sudeste,905,251,65,272,1308,0.277348
2023,12,Dezembro,MS,Centro-Oeste,150,48,23,48,192,0.32
2023,12,Dezembro,MT,Centro-Oeste,229,62,17,70,278,0.270742
2023,12,Dezembro,PA,Norte,80,38,27,32,108,0.475
2023,12,Dezembro,PB,Nordeste,160,48,10,47,209,0.3
2023,12,Dezembro,PE,Nordeste,332,124,30,125,414,0.373494
2023,12,Dezembro,PI,Nordeste,136,70,21,69,204,0.514706
2023,12,Dezembro,PR,Sul,677,173,48,185,877,0.255539
2023,12,Dezembro,RJ,Sudeste,590,114,35,111,733,0.19322
2023,12,Dezembro,RN,Nordeste,128,31,7,33,153,0.242188
2023,12,Dezembro,RO,Norte,126,37,11,40,180,0.293651
2023,12,Dezembro,RR,Norte,16,7,4,6,24,0.4375
2023,12,Dezembro,RS,Sul,433,96,26,93,520,0.221709
2023,12,Dezembro,SC,Sul,771,170,26,171,933,0.220493
2023,12,Dezembro,SE,Nordeste,62,26,4,28,77,0.419355
2023,12,Dezembro,SP,Sudeste,470,92,23,84,521,0.195745
2023,12,Dezembro,TO,Norte,58,25,10,25,81,0.431034
2024,1,Janeiro,AC,Norte,16,4,0,8,23,0.25
2024,1,Janeiro,AL,Nordeste,64,22,7,19,67,0.34375
2024,1,Janeiro,AM,Norte,7,2,1,1,34,0.285714
2024,1,Janeiro,AP,Norte,11,5,0,5,10,0.454545
2024,1,Janeiro,BA,Nordeste,326,129,91,144,534,0.395706
2024,1,Janeiro,CE,Nordeste,114,44,12,38,148,0.385965
2024,1,Janeiro,DF,Centro-Oeste,74,10,3,8,83,0.135135
2024,1,Janeiro,ES,Sudeste,191,62,10,66,260,0.324607
2024,1,Janeiro,GO,Centro-Oeste,265,74,23,81,317,0.279245
2024,1,Janeiro,MA,Nordeste,92,44,26,26,115,0.478261
2024,1,Janeiro,MG,Sudeste,749,201,72,260,1206,0.268358
2024,1,Janeiro,MS,Centro-Oeste,146,41,13,55,177,0.280822
2024,1,Janeiro,MT,Centro-Oeste,187,50,18,57,265,0.26738
2024,1,Janeiro,PA,Norte,63,32,13,37,90,0.507937
2024,1,Janeiro,PB,Nordeste,149,48,16,43,178,0.322148
2024,1,Janeiro,PE,Nordeste,246,93,25,99,316,0.378049
2024,1,Janeiro,PI,Nordeste,119,46,16,36,148,0.386555
2024,1,Janeiro,PR,Sul,569,154,43,156,709,0.27065
2024,1,Janeiro,RJ,Sudeste,497,101,14,116,623,0.203219
2024,1,Janeiro,RN,Nordeste,143,41,7,43,172,0.286713
2024,1,Janeiro,RO,Norte,104,25,6,26,123,0.240385
2024,1,Janeiro,RR,Norte,13,4,3,2,14,0.307692
2024,1,Janeiro,RS,Sul,411,98,36,93,516,0.238443
2024,1,Janeiro,SC,Sul,685,169,33,175,874,0.246715
2024,1,Janeiro,SE,Nordeste,44,17,2,15,56,0.386364
2024,1,Janeiro,SP,Sudeste,405,66,22,65,495,0.162963
2024,1,Janeiro,TO,Norte,65,21,4,28,87,0.323077
2024,2,Fevereiro,AC,Norte,19,2,2,1,25,0.105263
2024,2,Fevereiro,AL,Nordeste,48,21,6,17,65,0.4375
2024,2,Fevereiro,AM,Norte,6,2,2,1,8,0.333333
2024,2,Fevereiro,AP,Norte,9,1,1,0,8,0.111111
2024,2,Fevereiro,BA,Nordeste,259,107,50,133,420,0.413127
2024,2,Fevereiro,CE,Nordeste,108,36,14,25,109,0.333333
2024,2,Fevereiro,DF,Centro-Oeste,72,15,0,19,74,0.208333
2024,2,Fevereiro,ES,Sudeste,155,52,8,59,201,0.335484
2024,2,Fevereiro,GO,Centro-Oeste,245,65,13,72,288,0.265306
2024,2,Fevereiro,MA,Nordeste,70,30,10,25,88,0.428571
2024,2,Fevereiro,MG,Sudeste,669,191,55,196,955,0.285501
2024,2,Fevereiro,MS,Centro-Oeste,126,45,17,44,182,0.357143
2024,2,Fevereiro,MT,Centro-Oeste,189,43,13,39,184,0.227513
2024,2,Fevereiro,PA,Norte,72,27,11,22,81,0.375
2024,2,Fevereiro,PB,Nordeste,124,35,7,36,157,0.282258
2024,2,Fevereiro,PE,Nordeste,241,83,16,88,287,0.344398
2024,2,Fevereiro,PI,Nordeste,104,35,10,33,104,0.336538
2024,2,Fevereiro,PR,Sul,543,148,40,143,640,0.27256
2024,2,Fevereiro,RJ,Sudeste,465,101,22,106,622,0.217204
2024,2,Fevereiro,RN,Nordeste,102,31,10,30,140,0.303922
2024,2,Fevereiro,RO,Norte,80,21,6,22,101,0.2625
2024,2,Fevereiro,RR,Norte,6,4,1,3,9,0.666667
2024,2,Fevereiro,RS,Sul,412,84,15,92,492,0.203883
2024,2,Fevereiro,SC,Sul,703,161,34,171,863,0.229018
2024,2,Fevereiro,SE,Nordeste,40,11,3,9,45,0.275
2024,2,Fevereiro,SP,Sudeste,358,70,14,64,398,0.195531
2024,2,Fevereiro,TO,Norte,55,24,10,22,62,0.436364
2024,3,Março,AC,Norte,23,8,6,8,32,0.347826
2024,3,Março,AL,Nordeste,58,25,10,20,71,0.431034
2024,3,Março,AM,Norte,17,7,1,8,23,0.411765
2024,3,Março,AP,Norte,14,4,0,4,15,0.285714
2024,3,Março,BA,Nordeste,358,122,36,106,446,0.340782
2024,3,Março,CE,Nordeste,116,43,17,41,151,0.37069
2024,3,Março,DF,Centro-Oeste,84,19,1,18,84,0.22619
2024,3,Março,ES,Sudeste,216,79,19,81,274,0.365741
2024,3,Março,GO,Centro-Oeste,259,82,27,77,281,0.316602
2024,3,Março,MA,Nordeste,73,39,21,24,79,0.534247
2024,3,Março,MG,Sudeste,838,229,55,224,1033,0.27327
2024,3,Março,MS,Centro-Oeste,153,42,6,46,175,0.27451
2024,3,Março,MT,Centro-Oeste,204,68,16,73,247,0.333333
2024,3,Março,PA,Norte,79,36,17,38,109,0.455696
2024,3,Março,PB,Nordeste,164,56,14,57,214,0.341463
2024,3,Março,PE,Nordeste,276,99,22,104,334,0.358696
2024,3,Março,PI,Nordeste,117,47,13,46,139,0.401709
2024,3,Março,PR,Sul,564,154,42,153,682,0.27305
2024,3,Março,RJ,Sudeste,463,91,25,88,555,0.196544
2024,3,Março,RN,Nordeste,125,33,9,32,168,0.264
2024,3,Março,RO,Norte,126,36,9,33,151,0.285714
2024,3,Março,RR,Norte,7,3,1,3,11,0.428571
2024,3,Março,RS,Sul,444,90,32,109,552,0.202703
2024,3,Março,SC,Sul,676,157,30,165,797,0.232249
2024,3,Março,SE,Nordeste,49,17,3,15,69,0.346939
2024,3,Março,SP,Sudeste,397,82,21,67,424,0.206549
2024,3,Março,TO,Norte,57,22,7,22,73,0.385965
2024,4,Abril,AC,Norte,29,8,1,7,34,0.275862
2024,4,Abril,AL,Nordeste,58,18,7,11,56,0.310345
2024,4,Abril,AM,Norte,15,6,3,4,44,0.4
2024,4,Abril,AP,Norte,12,3,1,3,10,0.25
2024,4,Abril,BA,Nordeste,351,125,56,149,512,0.356125
2024,4,Abril,CE,Nordeste,121,44,13,36,160,0.363636
2024,4,Abril,DF,Centro-Oeste,103,18,2,18,120,0.174757
2024,4,Abril,ES,Sudeste,175,59,11,62,244,0.337143
2024,4,Abril,GO,Centro-Oeste,266,74,21,67,313,0.278195
2024,4,Abril,MA,Nordeste,98,53,21,50,125,0.540816
2024,4,Abril,MG,Sudeste,714,217,57,212,904,0.303922
2024,4,Abril,MS,Centro-Oeste,130,39,18,41,157,0.3
2024,4,Abril,MT,Centro-Oeste,224,60,24,52,253,0.267857
2024,4,Abril,PA,Norte,68,35,18,31,90,0.514706
2024,4,Abril,PB,Nordeste,135,36,6,40,169,0.266667
2024,4,Abril,PE,Nordeste,261,85,22,84,306,0.32567
2024,4,Abril,PI,Nordeste,105,43,6,47,113,0.409524
2024,4,Abril,PR,Sul,639,174,57,183,751,0.2723
2024,4,Abril,RJ,Sudeste,493,113,26,98,550,0.229209
2024,4,Abril,RN,Nordeste,135,46,9,48,167,0.340741
2024,4,Abril,RO,Norte,130,37,4,40,149,0.284615
2024,4,Abril,RR,Norte,12,8,5,8,25,0.666667
2024,4,Abril,RS,Sul,410,94,21,84,450,0.229268
2024,4,Abril,SC,Sul,658,157,37,158,808,0.238602
2024,4,Abril,SE,Nordeste,53,21,7,19,59,0.396226
2024,4,Abril,SP,Sudeste,387,83,23,70,445,0.21447
2024,4,Abril,TO,Norte,53,10,2,11,64,0.188679
2024,5,Maio,AC,Norte,26,7,2,5,31,0.269231
2024,5,Maio,AL,Nordeste,51,17,5,20,67,0.333333
2024,5,Maio,AM,Norte,11,4,2,3,12,0.363636
2024,5,Maio,AP,Norte,10,3,0,3,12,0.3
2024,5,Maio,BA,Nordeste,338,124,45,119,453,0.366864
2024,5,Maio,CE,Nordeste,121,42,14,37,156,0.347107
2024,5,Maio,DF,Centro-Oeste,92,12,1,16,108,0.130435
2024,5,Maio,ES,Sudeste,222,87,25,86,309,0.391892
2024,5,Maio,GO,Centro-Oeste,285,85,23,68,317,0.298246
2024,5,Maio,MA,Nordeste,119,59,27,58,160,0.495798
2024,5,Maio,MG,Sudeste,774,225,62,222,979,0.290698
2024,5,Maio,MS,Centro-Oeste,142,38,8,37,146,0.267606
2024,5,Maio,MT,Centro-Oeste,221,56,19,52,235,0.253394
2024,5,Maio,PA,Norte,83,44,21,41,120,0.53012
2024,5,Maio,PB,Nordeste,146,48,12,46,171,0.328767
2024,5,Maio,PE,Nordeste,282,107,44,89,335,0.379433
2024,5,Maio,PI,Nordeste,119,31,4,39,136,0.260504
2024,5,Maio,PR,Sul,672,160,46,154,782,0.238095
2024,5,Maio,RJ,Sudeste,542,124,35,115,667,0.228782
2024,5,Maio,RN,Nordeste,128,43,10,38,161,0.335938
2024,5,Maio,RO,Norte,148,39,15,33,172,0.263514
2024,5,Maio,RR,Norte,16,7,3,7,19,0.4375
2024,5,Maio,RS,Sul,348,83,35,82,412,0.238506
2024,5,Maio,SC,Sul,744,180,37,187,839,0.241935
2024,5,Maio,SE,Nordeste,53,19,4,19,75,0.358491
2024,5,Maio,SP,Sudeste,412,89,16,81,454,0.216019
2024,5,Maio,TO,Norte,81,26,16,19,102,0.320988
2024,6,Junho,AC,Norte,27,7,0,7,30,0.259259
2024,6,Junho,AL,Nordeste,48,17,8,13,62,0.354167
2024,6,Junho,AM,Norte,13,4,4,3,14,0.307692
2024,6,Junho,AP,Norte,15,5,1,5,17,0.333333
2024,6,Junho,BA,Nordeste,364,122,55,111,515,0.335165
2024,6,Junho,CE,Nordeste,121,51,17,51,158,0.421488
2024,6,Junho,DF,Centro-Oeste,90,13,2,14,108,0.144444
2024,6,Junho,ES,Sudeste,225,78,15,82,298,0.346667
2024,6,Junho,GO,Centro-Oeste,324,97,34,104,363,0.299383
2024,6,Junho,MA,Nordeste,96,48,20,43,118,0.5
2024,6,Junho,MG,Sudeste,725,215,59,216,923,0.296552
2024,6,Junho,MS,Centro-Oeste,148,54,14,55,176,0.364865
2024,6,Junho,MT,Centro-Oeste,214,73,28,69,276,0.341121
2024,6,Junho,PA,Norte,70,32,15,24,79,0.457143
2024,6,Junho,PB,Nordeste,180,60,19,49,185,0.333333
2024,6,Junho,PE,Nordeste,277,83,17,87,326,0.299639
2024,6,Junho,PI,Nordeste,146,59,16,54,177,0.40411
2024,6,Junho,PR,Sul,642,187,51,165,740,0.291277
2024,6,Junho,RJ,Sudeste,552,131,45,114,694,0.237319
2024,6,Junho,RN,Nordeste,146,46,6,48,185,0.315068
2024,6,Junho,RO,Norte,132,40,7,41,146,0.30303
2024,6,Junho,RR,Norte,12,4,2,13,57,0.333333
2024,6,Junho,RS,Sul,494,113,35,117,565,0.228745
2024,6,Junho,SC,Sul,648,159,32,152,777,0.24537
2024,6,Junho,SE,Nordeste,52,17,7,12,55,0.326923
2024,6,Junho,SP,Sudeste,402,66,20,54,445,0.164179
2024,6,Junho,TO,Norte,62,20,6,17,76,0.322581
2024,7,Julho,AC,Norte,25,11,0,13,41,0.44
2024,7,Julho,AL,Nordeste,75,27,8,33,100,0.36
2024,7,Julho,AM,Norte,15,6,2,4,16,0.4
2024,7,Julho,AP,Norte,13,3,1,2,13,0.230769
2024,7,Julho,BA,Nordeste,391,134,42,143,527,0.342711
2024,7,Julho,CE,Nordeste,103,46,17,38,125,0.446602
2024,7,Julho,DF,Centro-Oeste,84,14,2,14,83,0.166667
2024,7,Julho,ES,Sudeste,197,67,12,64,274,0.340102
2024,7,Julho,GO,Centro-Oeste,308,75,27,69,367,0.243506
2024,7,Julho,MA,Nordeste,81,44,20,46,141,0.54321
2024,7,Julho,MG,Sudeste,801,236,68,263,1156,0.294632
2024,7,Julho,MS,Centro-Oeste,182,51,22,49,200,0.28022
2024,7,Julho,MT,Centro-Oeste,238,67,24,72,281,0.281513
2024,7,Julho,PA,Norte,111,53,37,36,151,0.477477
2024,7,Julho,PB,Nordeste,176,54,8,53,198,0.306818
2024,7,Julho,PE,Nordeste,297,96,24,109,352,0.323232
2024,7,Julho,PI,Nordeste,126,59,19,63,169,0.468254
2024,7,Julho,PR,Sul,661,164,57,178,803,0.248109
2024,7,Julho,RJ,Sudeste,533,99,20,102,644,0.185741
2024,7,Julho,RN,Nordeste,112,35,7,35,120,0.3125
2024,7,Julho,RO,Norte,149,50,17,49,207,0.33557
2024,7,Julho,RR,Norte,4,2,0,6,27,0.5
2024,7,Julho,RS,Sul,448,100,41,87,486,0.223214
2024,7,Julho,SC,Sul,736,168,28,175,839,0.228261
2024,7,Julho,SE,Nordeste,45,15,5,13,44,0.333333
2024,7,Julho,SP,Sudeste,414,65,20,51,462,0.157005
2024,7,Julho,TO,Norte,76,23,9,20,94,0.302632
2024,8,Agosto,AC,Norte,26,11,2,12,35,0.423077
2024,8,Agosto,AL,Nordeste,60,30,11,23,73,0.5
2024,8,Agosto,AM,Norte,24,5,1,5,22,0.208333
2024,8,Agosto,AP,Norte,16,6,2,11,25,0.375
2024,8,Agosto,BA,Nordeste,350,124,57,107,488,0.354286
2024,8,Agosto,CE,Nordeste,140,60,19,51,180,0.428571
2024,8,Agosto,DF,Centro-Oeste,112,25,6,26,134,0.223214
2024,8,Agosto,ES,Sudeste,208,67,20,66,252,0.322115
2024,8,Agosto,GO,Centro-Oeste,258,67,21,53,327,0.25969
2024,8,Agosto,MA,Nordeste,104,49,26,40,129,0.471154
2024,8,Agosto,MG,Sudeste,762,255,80,248,1002,0.334646
2024,8,Agosto,MS,Centro-Oeste,168,53,11,50,192,0.315476
2024,8,Agosto,MT,Centro-Oeste,211,55,27,42,216,0.260664
2024,8,Agosto,PA,Norte,83,32,15,26,94,0.385542
2024,8,Agosto,PB,Nordeste,162,54,9,50,191,0.333333
2024,8,Agosto,PE,Nordeste,263,95,29,88,328,0.361217
2024,8,Agosto,PI,Nordeste,124,56,15,58,159,0.451613
2024,8,Agosto,PR,Sul,617,159,57,149,736,0.257699
2024,8,Agosto,RJ,Sudeste,556,114,24,109,725,0.205036
2024,8,Agosto,RN,Nordeste,147,50,9,51,177,0.340136
2024,8,Agosto,RO,Norte,120,33,4,37,155,0.275
2024,8,Agosto,RR,Norte,13,8,6,4,22,0.615385
2024,8,Agosto,RS,Sul,463,101,26,91,553,0.218143
2024,8,Agosto,SC,Sul,664,144,34,144,748,0.216867
2024,8,Agosto,SE,Nordeste,53,22,7,19,68,0.415094
2024,8,Agosto,SP,Sudeste,403,92,20,87,478,0.228288
2024,8,Agosto,TO,Norte,60,23,8,21,68,0.383333
2024,9,Setembro,AC,Norte,21,6,1,6,31,0.285714
2024,9,Setembro,AL,Nordeste,66,27,13,35,104,0.409091
2024,9,Setembro,AM,Norte,23,9,7,5,49,0.391304
2024,9,Setembro,AP,Norte,11,4,3,2,16,0.363636
2024,9,Setembro,BA,Nordeste,355,126,49,123,470,0.35493
2024,9,Setembro,CE,Nordeste,147,57,18,48,197,0.387755
2024,9,Setembro,DF,Centro-Oeste,98,20,4,17,101,0.204082
2024,9,Setembro,ES,Sudeste,206,72,19,76,274,0.349515
2024,9,Setembro,GO,Centro-Oeste,265,73,25,67,305,0.275472
2024,9,Setembro,MA,Nordeste,101,49,31,43,131,0.485149
2024,9,Setembro,MG,Sudeste,706,210,53,203,883,0.29745
2024,9,Setembro,MS,Centro-Oeste,156,44,18,46,194,0.282051
2024,9,Setembro,MT,Centro-Oeste,223,64,16,54,228,0.286996
2024,9,Setembro,PA,Norte,84,35,17,28,100,0.416667
2024,9,Setembro,PB,Nordeste,153,47,15,50,194,0.30719
2024,9,Setembro,PE,Nordeste,277,101,26,105,345,0.364621
2024,9,Setembro,PI,Nordeste,141,58,13,59,166,0.411348
2024,9,Setembro,PR,Sul,674,158,51,156,791,0.234421
2024,9,Setembro,RJ,Sudeste,559,115,27,107,721,0.205725
2024,9,Setembro,RN,Nordeste,132,35,10,34,148,0.265152
2024,9,Setembro,RO,Norte,117,35,9,31,140,0.299145
2024,9,Setembro,RR,Norte,14,6,3,3,23,0.428571
2024,9,Setembro,RS,Sul,434,96,29,87,484,0.221198
2024,9,Setembro,SC,Sul,709,180,41,178,811,0.253879
2024,9,Setembro,SE,Nordeste,52,14,4,13,67,0.269231
2024,9,Setembro,SP,Sudeste,428,91,19,77,458,0.212617
2024,9,Setembro,TO,Norte,70,24,11,17,80,0.342857
2024,10,Outubro,AC,Norte,29,9,5,5,36,0.310345
2024,10,Outubro,AL,Nordeste,52,29,4,34,75,0.557692
2024,10,Outubro,AM,Norte,20,5,1,11,37,0.25
2024,10,Outubro,AP,Norte,18,5,0,6,29,0.277778
2024,10,Outubro,BA,Nordeste,362,117,43,101,493,0.323204
2024,10,Outubro,CE,Nordeste,139,48,12,46,167,0.345324
2024,10,Outubro,DF,Centro-Oeste,86,12,0,18,93,0.139535
2024,10,Outubro,ES,Sudeste,174,49,7,48,225,0.281609
2024,10,Outubro,GO,Centro-Oeste,302,91,28,81,349,0.301325
2024,10,Outubro,MA,Nordeste,101,54,20,59,145,0.534653
2024,10,Outubro,MG,Sudeste,867,246,67,254,1163,0.283737
2024,10,Outubro,MS,Centro-Oeste,134,44,19,37,141,0.328358
2024,10,Outubro,MT,Centro-Oeste,223,52,17,46,260,0.233184
2024,10,Outubro,PA,Norte,107,43,16,47,149,0.401869
2024,10,Outubro,PB,Nordeste,176,52,5,58,219,0.295455
2024,10,Outubro,PE,Nordeste,265,114,22,115,308,0.430189
2024,10,Outubro,PI,Nordeste,140,55,17,58,186,0.392857
2024,10,Outubro,PR,Sul,643,167,66,158,800,0.25972
2024,10,Outubro,RJ,Sudeste,583,126,29,132,717,0.216123
2024,10,Outubro,RN,Nordeste,136,34,7,38,187,0.25
2024,10,Outubro,RO,Norte,132,46,11,48,174,0.348485
2024,10,Outubro,RR,Norte,15,10,4,12,31,0.666667
2024,10,Outubro,RS,Sul,457,100,29,94,525,0.218818
2024,10,Outubro,SC,Sul,695,156,32,172,842,0.22446
2024,10,Outubro,SE,Nordeste,64,27,5,33,82,0.421875
2024,10,Outubro,SP,Sudeste,431,69,16,86,515,0.160093
2024,10,Outubro,TO,Norte,55,14,11,9,66,0.254545
2024,11,Novembro,AC,Norte,28,10,0,11,40,0.357143
2024,11,Novembro,AL,Nordeste,78,32,10,30,91,0.410256
2024,11,Novembro,AM,Norte,7,3,2,1,8,0.428571
2024,11,Novembro,AP,Norte,11,3,0,3,6,0.272727
2024,11,Novembro,BA,Nordeste,309,109,39,102,415,0.352751
2024,11,Novembro,CE,Nordeste,125,55,16,61,188,0.44
2024,11,Novembro,DF,Centro-Oeste,84,18,4,17,89,0.214286
2024,11,Novembro,ES,Sudeste,196,53,14,52,261,0.270408
2024,11,Novembro,GO,Centro-Oeste,225,55,17,63,268,0.244444
2024,11,Novembro,MA,Nordeste,93,51,27,36,120,0.548387
2024,11,Novembro,MG,Sudeste,766,206,65,204,989,0.26893
2024,11,Novembro,MS,Centro-Oeste,149,40,17,34,184,0.268456
2024,11,Novembro,MT,Centro-Oeste,204,56,20,56,251,0.27451
2024,11,Novembro,PA,Norte,85,43,23,37,111,0.505882
2024,11,Novembro,PB,Nordeste,174,62,17,65,228,0.356322
2024,11,Novembro,PE,Nordeste,249,91,30,87,279,0.365462
2024,11,Novembro,PI,Nordeste,149,81,26,72,177,0.543624
2024,11,Novembro,PR,Sul,671,167,45,165,793,0.248882
2024,11,Novembro,RJ,Sudeste,555,105,23,105,675,0.189189
2024,11,Novembro,RN,Nordeste,148,54,12,57,209,0.364865
2024,11,Novembro,RO,Norte,117,38,6,43,150,0.324786
2024,11,Novembro,RR,Norte,14,3,0,4,27,0.214286
2024,11,Novembro,RS,Sul,431,95,22,101,521,0.220418
2024,11,Novembro,SC,Sul,731,171,32,160,873,0.233926
2024,11,Novembro,SE,Nordeste,48,21,8,17,54,0.4375
2024,11,Novembro,SP,Sudeste,438,78,22,74,534,0.178082
2024,11,Novembro,TO,Norte,50,24,13,52,120,0.48
2024,12,Dezembro,AC,Norte,18,6,1,6,19,0.333333
2024,12,Dezembro,AL,Nordeste,54,24,8,19,69,0.444444
2024,12,Dezembro,AM,Norte,11,3,0,4,12,0.272727
2024,12,Dezembro,AP,Norte,19,6,2,8,26,0.315789
2024,12,Dezembro,BA,Nordeste,388,148,56,171,698,0.381443
2024,12,Dezembro,CE,Nordeste,145,60,16,58,181,0.413793
2024,12,Dezembro,DF,Centro-Oeste,77,12,3,10,94,0.155844
2024,12,Dezembro,ES,Sudeste,230,72,16,73,293,0.313043
2024,12,Dezembro,GO,Centro-Oeste,303,106,38,109,397,0.349835
2024,12,Dezembro,MA,Nordeste,110,51,31,34,133,0.463636
2024,12,Dezembro,MG,Sudeste,925,253,101,261,1357,0.273514
2024,12,Dezembro,MS,Centro-Oeste,169,52,19,53,198,0.307692
2024,12,Dezembro,MT,Centro-Oeste,216,66,22,71,265,0.305556
2024,12,Dezembro,PA,Norte,65,31,13,27,81,0.476923
2024,12,Dezembro,PB,Nordeste,181,67,6,76,231,0.370166
2024,12,Dezembro,PE,Nordeste,296,105,35,91,377,0.35473
2024,12,Dezembro,PI,Nordeste,130,55,16,52,159,0.423077
2024,12,Dezembro,PR,Sul,681,172,52,184,836,0.25257
2024,12,Dezembro,RJ,Sudeste,591,103,43,87,688,0.174281
2024,12,Dezembro,RN,Nordeste,152,49,22,36,190,0.322368
2024,12,Dezembro,RO,Norte,128,37,17,36,179,0.289062
2024,12,Dezembro,RR,Norte,9,3,1,3,11,0.333333
2024,12,Dezembro,RS,Sul,454,98,25,101,520,0.215859
2024,12,Dezembro,SC,Sul,732,175,45,180,879,0.239071
2024,12,Dezembro,SE,Nordeste,44,17,4,14,60,0.386364
2024,12,Dezembro,SP,Sudeste,408,62,13,56,451,0.151961
2024,12,Dezembro,TO,Norte,51,20,27,19,89,0.392157
